x,y
1039,26
1039,27
1039,28
1040,29
1040,30
1040,31
1040,32
1040,33
1040,34
1040,35
1040,36
1040,37
1040,38
1040,39
1040,40
1040,41
1040,42
1040,43
1040,44
1040,45
1040,46
1040,47
1040,48
1040,49
1040,50
1040,51
1040,52
1040,53
1040,54
1040,55
1040,56
1040,57
1040,58
1040,59
1040,60
1040,61
1040,62
1040,63
1040,64
1040,65
1040,66
1040,67
1040,68
1040,69
1040,70
1040,71
1040,72
1040,73
1040,74
1040,75
1040,76
1040,77
1040,78
1040,79
1040,80
1040,81
1040,82
1040,83
1040,84
1040,85
1040,86
1040,87
1040,88
1040,89
1040,90
1040,91
1040,92
1040,93
1040,94
1040,95
1040,96
1040,97
1040,98
1040,99
1040,100
1040,101
1040,102
1040,103
1040,104
1040,105
1040,106
1040,107
1040,108
1040,109
1040,110
1040,111
1040,112
1040,113
1040,114
1040,115
1040,116
1040,117
1040,118
1040,119
1040,120
1040,121
1040,122
1040,123
1040,124
1040,125
1040,126
1040,127
1040,128
1040,129
1040,130
1040,131
1040,132
1040,133
1040,134
1040,135
1040,136
1041,137
1041,138
1041,139
1041,140
1041,141
1041,142
1041,143
1041,144
1041,145
1041,146
1041,147
1041,148
1041,149
1041,150
1041,151
1041,152
1041,153
1041,154
1041,155
1041,156
1041,157
1041,158
1041,159
1041,160
1041,161
1041,162
1041,163
1041,164
1041,165
1041,166
1041,167
1041,168
1041,169
1041,170
1041,171
1041,172
1041,173
1041,174
1041,175
1041,176
1041,177
1041,178
1041,179
1041,180
1041,181
1041,182
1041,183
1041,184
1041,185
1041,186
1041,187
1041,188
1041,189
1041,190
1041,191
1041,192
1041,193
1041,194
1041,195
1041,196
1041,197
1041,198
1041,199
1041,200
1041,201
1041,202
1041,203
1041,204
1041,205
1041,206
1041,207
1041,208
1041,209
1041,210
1041,211
1041,212
1041,213
1041,214
1041,215
1041,216
1041,217
1041,218
1041,219
1041,220
1041,221
1041,222
1041,223
1041,224
1041,225
1041,226
1041,227
1041,228
1041,229
1041,230
1041,231
1041,232
1041,233
1041,234
1041,235
1041,236
1041,237
1041,238
1041,239
1041,240
1041,241
1041,242
1041,243
1041,244
1041,245
1041,246
1041,247
1040,248
1039,248
1038,248
1037,248
1036,248
1035,248
1034,248
1033,248
1032,248
1031,248
1030,248
1029,248
1028,248
1027,248
1026,248
1025,248
1024,248
1023,248
1022,248
1021,248
1020,248
1019,248
1018,248
1017,248
1016,248
1015,248
1014,248
1013,248
1012,248
1011,248
1010,248
1009,248
1008,248
1007,248
1006,248
1005,248
1004,248
1003,248
1002,248
1001,248
1000,248
999,248
998,248
997,248
996,248
995,248
994,248
993,248
992,248
991,248
990,248
989,248
988,248
987,248
986,248
985,248
984,248
983,248
982,248
981,248
980,248
979,248
978,248
977,248
976,248
975,248
974,248
973,248
972,248
971,248
970,248
969,248
968,248
967,248
966,248
965,248
964,248
963,248
962,248
961,248
960,248
959,248
958,248
957,248
956,248
955,248
954,248
953,248
952,248
951,248
950,248
949,248
948,248
947,248
946,248
945,248
944,248
943,248
942,248
941,248
940,248
939,248
938,248
937,248
936,248
935,248
934,248
933,248
932,248
931,248
930,248
929,248
928,248
927,248
926,248
925,248
924,248
923,248
922,248
921,248
920,248
919,248
918,248
917,248
916,248
915,248
914,248
913,248
912,248
911,248
910,248
909,248
908,248
907,248
906,248
905,248
904,248
903,248
902,248
901,248
900,248
899,248
898,248
897,248
896,248
895,248
894,248
893,248
892,248
891,248
890,248
889,248
888,248
887,248
886,248
885,248
884,248
883,248
882,248
881,248
880,248
879,248
878,248
877,248
876,248
875,248
874,248
873,248
872,248
871,248
870,248
869,248
868,248
867,248
866,248
865,248
864,248
863,248
862,248
861,248
860,248
859,248
858,248
857,248
856,248
855,248
854,248
853,248
852,248
851,248
850,248
849,248
848,248
847,248
846,248
845,248
844,248
843,248
842,248
841,248
840,248
839,248
838,248
837,248
836,248
835,248
834,248
833,248
832,248
831,248
830,248
829,248
828,248
827,248
826,248
825,248
824,248
823,248
822,248
821,248
820,248
819,248
818,248
817,248
816,248
815,248
814,248
813,248
812,248
811,248
810,248
809,248
808,248
807,248
806,248
805,248
804,248
803,248
802,248
801,248
800,248
799,248
798,248
797,248
796,248
795,248
794,248
793,248
792,248
791,248
790,248
789,248
788,248
787,248
786,248
785,248
784,248
783,248
782,248
781,248
780,248
779,248
778,248
777,248
776,248
775,248
774,248
773,248
772,248
771,248
770,248
769,248
768,248
767,248
766,248
765,248
764,248
763,248
762,248
761,248
760,248
759,248
758,248
757,248
756,248
755,248
754,248
753,248
752,248
751,248
750,248
749,248
748,248
747,248
746,248
745,248
744,248
743,248
742,248
741,248
740,248
739,248
738,248
737,248
736,248
735,248
734,248
733,248
732,248
731,248
730,248
729,248
728,248
727,248
726,248
725,248
724,248
723,248
722,248
721,248
720,248
719,248
718,248
717,248
716,248
715,248
714,248
713,248
712,248
711,248
710,248
709,248
708,248
707,248
706,248
705,248
704,248
703,248
702,248
701,248
700,248
699,248
698,248
697,248
696,248
695,248
694,248
693,248
692,248
691,248
690,248
689,248
688,248
687,248
686,248
685,248
684,248
683,248
682,248
681,248
680,248
679,248
678,248
677,248
676,248
675,248
674,248
673,248
672,248
671,248
670,248
669,248
668,248
667,248
666,248
665,248
664,248
663,248
662,248
661,248
660,248
659,248
658,248
657,248
656,248
655,248
654,248
653,248
652,248
651,248
650,248
649,248
648,248
647,248
646,248
645,248
644,247
644,246
643,245
642,245
641,244
640,243
639,242
639,241
639,240
638,239
637,239
636,238
635,237
635,236
634,235
633,234
633,233
632,233
631,232
631,231
630,230
629,229
628,228
627,228
626,227
626,226
626,225
625,224
624,223
623,222
622,221
621,220
621,219
620,218
619,217
619,216
618,215
617,215
616,214
615,213
615,212
615,211
614,210
613,209
612,209
611,208
610,207
610,206
609,205
609,204
608,203
607,203
606,202
606,201
605,200
604,199
603,198
603,197
602,196
601,195
600,194
599,193
598,192
598,191
598,190
597,190
596,189
595,188
594,187
594,186
593,185
592,185
591,184
591,183
590,182
590,181
589,180
588,179
587,179
586,178
585,177
585,176
585,175
584,174
583,173
582,173
581,172
581,171
580,170
579,169
579,168
578,167
577,166
576,165
575,164
574,163
574,162
574,161
573,160
572,160
571,159
570,158
569,157
569,156
568,155
568,154
567,154
566,153
565,152
565,151
564,150
563,149
562,149
561,148
561,147
561,146
560,145
559,144
558,143
557,143
556,142
556,141
556,140
555,139
554,138
553,137
552,136
551,135
550,134
550,133
549,132
549,131
548,130
547,130
546,129
545,128
544,127
544,126
544,125
543,124
542,124
541,123
540,122
540,121
539,120
538,119
538,118
537,118
536,117
536,116
535,115
534,114
533,113
533,112
532,111
531,110
530,109
529,108
528,107
527,106
526,105
526,104
525,103
524,102
524,101
523,100
522,100
521,99
520,98
520,97
520,96
519,95
518,94
517,94
516,93
515,92
515,91
514,90
514,89
513,88
512,88
511,87
511,86
510,85
509,84
509,83
508,82
507,81
506,80
505,79
504,78
503,77
503,76
503,75
502,75
501,74
500,73
499,72
499,71
498,70
497,70
496,69
496,68
495,67
495,66
494,65
493,64
492,64
491,63
490,62
490,61
490,60
489,59
488,58
487,58
486,58
485,58
484,58
483,58
482,58
481,58
480,58
479,58
478,58
477,58
476,58
475,58
474,58
473,58
472,58
471,58
470,58
469,58
468,58
467,58
466,58
465,58
464,58
463,58
462,58
461,58
460,58
459,58
458,58
457,58
456,58
455,58
454,58
453,58
452,58
451,58
450,58
449,58
448,58
447,58
446,58
445,58
444,58
443,58
442,58
441,58
440,58
439,58
438,58
437,58
436,58
435,58
434,58
433,58
432,58
431,58
430,58
429,58
428,58
427,58
426,58
425,58
424,58
423,58
422,58
421,58
420,58
419,58
418,58
417,58
416,58
415,58
414,58
413,58
412,58
411,58
410,58
409,58
408,58
407,58
406,58
405,58
404,58
403,58
402,58
401,58
400,58
399,58
398,58
397,58
396,58
395,58
394,58
393,58
392,58
391,58
390,58
389,58
388,58
387,58
386,58
385,58
384,58
383,58
382,58
381,58
380,58
379,58
378,58
377,58
376,58
375,58
374,58
373,58
372,58
371,58
370,58
369,58
368,58
367,58
366,58
365,58
364,58
363,58
362,58
361,58
360,58
359,58
358,58
357,58
356,58
355,58
354,58
353,58
352,58
351,58
350,58
349,58
348,58
347,58
346,58
345,58
344,58
343,58
342,58
341,58
340,58
339,58
338,58
337,58
336,58
335,58
334,58
333,58
332,58
331,58
330,58
329,58
328,58
327,58
326,58
325,58
324,58
323,58
322,58
321,58
320,58
319,58
318,58
317,58
316,58
315,58
314,58
313,58
312,58
311,58
310,58
309,58
308,58
307,58
306,58
305,58
304,58
303,58
302,58
301,58
300,58
299,58
298,58
297,58
296,58
295,58
294,58
293,58
292,58
291,58
290,58
289,58
288,58
287,58
286,58
285,58
284,58
283,58
282,58
281,58
280,58
279,58
278,58
277,58
276,58
275,58
274,58
273,58
272,58
271,58
270,58
269,58
268,58
267,58
266,58
265,58
264,58
263,58
262,58
261,58
260,58
259,58
258,58
257,58
256,58
255,58
254,58
253,58
252,58
251,58
250,58
249,58
248,58
247,58
246,58
245,58
244,58
243,58
242,58
241,58
240,58
239,58
238,58
237,58
236,58
235,58
234,58
233,58
232,58
231,58
230,58
229,58
228,58
227,58
226,58
225,58
224,58
223,58
222,58
221,58
220,58
219,58
218,58
217,58
216,58
215,58
214,58
213,58
212,58
211,58
210,58
209,58
208,58
207,58
206,58
205,58
204,58
203,58
202,58
201,58
200,58
199,58
198,58
197,58
196,58
195,58
194,58
193,58
192,58
191,58
190,58
189,58
188,58
187,58
186,58
185,58
184,58
183,58
182,58
181,58
180,58
179,58
178,58
177,58
176,58
175,58
174,58
173,58
172,58
171,58
170,58
169,58
168,58
167,58
166,58
165,58
164,58
163,58
162,58
161,58
160,58
159,58
158,58
157,58
156,58
155,58
154,58
153,58
152,58
151,58
150,58
149,58
148,58
147,58
146,58
145,58
144,58
143,58
142,58
141,58
140,58
139,58
138,58
137,58
136,58
135,58
134,58
133,58
132,58
131,58
130,58
129,58
128,58
127,58
126,58
125,58
124,58
123,58
122,58
121,58
120,58
119,58
118,58
117,58
116,58
115,58
114,58
113,58
112,58
111,58
110,58
109,58
108,58
107,58
106,58
105,58
104,58
103,58
102,58
101,58
100,58
99,58
98,58
97,58
96,58
96,59
96,60
96,61
96,62
96,63
96,64
96,65
96,66
96,67
96,68
96,69
96,70
96,71
96,72
96,73
96,74
96,75
96,76
96,77
96,78
96,79
96,80
96,81
96,82
96,83
96,84
96,85
96,86
96,87
96,88
96,89
96,90
96,91
96,92
96,93
96,94
96,95
96,96
96,97
96,98
96,99
96,100
96,101
96,102
96,103
96,104
96,105
96,106
96,107
96,108
96,109
96,110
96,111
96,112
96,113
96,114
96,115
96,116
96,117
96,118
96,119
96,120
96,121
96,122
96,123
96,124
96,125
96,126
96,127
96,128
96,129
96,130
96,131
96,132
96,133
96,134
96,135
96,136
96,137
96,138
96,139
96,140
96,141
96,142
96,143
96,144
96,145
96,146
96,147
96,148
96,149
96,150
96,151
96,152
96,153
96,154
96,155
96,156
96,157
96,158
96,159
96,160
96,161
96,162
96,163
96,164
96,165
96,166
96,167
96,168
96,169
96,170
96,171
96,172
96,173
96,174
96,175
96,176
96,177
96,178
96,179
96,180
96,181
96,182
96,183
96,184
96,185
96,186
96,187
96,188
96,189
96,190
96,191
96,192
96,193
96,194
96,195
96,196
96,197
96,198
96,199
96,200
96,201
96,202
96,203
96,204
96,205
96,206
96,207
96,208
96,209
97,210
96,211
97,211
98,211
99,212
99,213
100,213
101,213
102,213
103,213
104,214
105,214
106,214
107,214
108,214
109,215
110,215
111,215
112,215
113,216
114,216
115,216
116,216
117,216
118,216
119,216
120,216
121,217
122,218
123,218
124,218
125,219
126,219
127,219
128,219
129,219
130,219
131,219
132,219
133,219
134,219
135,219
136,219
137,219
138,219
139,219
140,219
141,219
142,219
143,219
144,219
145,219
146,219
147,219
148,219
149,219
150,219
151,219
152,219
153,219
154,219
155,219
156,218
157,218
158,218
159,218
160,218
160,217
161,216
162,216
163,216
164,216
165,216
166,216
167,215
168,215
169,215
170,214
171,214
172,213
173,213
174,213
174,212
175,211
176,211
177,210
178,210
179,210
180,209
181,208
182,208
183,207
184,206
185,206
186,205
187,205
188,205
189,204
190,203
191,203
192,202
193,201
194,200
195,199
196,198
197,198
198,197
199,196
199,195
200,194
201,194
202,193
203,192
204,191
205,190
206,189
207,188
208,187
209,186
210,185
211,184
212,183
213,182
214,181
215,180
216,179
217,178
218,177
219,176
220,175
221,174
222,173
223,172
224,171
224,170
225,169
226,169
227,168
228,167
229,166
230,165
231,164
232,163
233,163
234,163
234,162
235,161
236,160
237,160
238,160
239,159
239,158
239,157
240,156
241,156
242,155
243,155
244,155
245,154
246,153
247,153
248,153
248,152
249,151
250,151
251,151
252,151
253,151
254,150
255,150
256,149
257,149
258,149
259,149
260,149
261,148
262,148
263,148
264,148
265,148
265,147
266,146
267,146
268,146
269,146
270,146
271,146
272,146
273,146
274,146
275,146
276,146
277,146
278,146
279,146
280,146
281,146
282,146
283,146
284,146
285,146
286,146
287,146
288,146
289,147
289,148
290,148
291,148
292,148
293,148
294,148
295,148
296,149
297,149
298,149
299,149
300,150
301,150
302,150
303,150
304,150
305,150
306,150
307,150
308,151
309,151
310,151
311,152
312,153
313,153
314,154
315,154
316,155
317,155
318,155
319,156
320,156
321,156
322,156
323,157
323,158
324,158
325,159
326,159
327,159
328,160
329,160
330,160
331,161
332,161
333,161
334,162
334,163
335,163
336,164
337,164
338,164
339,165
340,165
341,166
342,166
343,166
344,167
344,168
345,168
346,169
347,169
348,169
349,170
350,170
351,171
352,171
353,172
353,173
354,173
355,174
356,175
357,175
358,175
359,176
360,176
361,177
362,178
363,179
364,179
365,180
366,181
367,181
368,181
369,182
369,183
370,183
371,184
372,184
373,185
374,185
375,186
376,186
377,186
378,187
378,188
379,189
380,190
381,190
382,190
383,191
384,192
384,193
385,193
386,194
387,194
388,194
389,195
390,196
391,197
392,198
393,198
394,199
395,200
396,201
397,201
398,201
399,202
399,203
400,204
401,204
402,204
403,205
403,206
403,207
403,208
403,209
403,210
403,211
403,212
403,213
403,214
403,215
403,216
403,217
403,218
403,219
403,220
403,221
403,222
403,223
403,224
403,225
403,226
403,227
403,228
403,229
403,230
403,231
403,232
403,233
403,234
403,235
403,236
403,237
403,238
403,239
403,240
403,241
403,242
403,243
403,244
403,245
403,246
403,247
403,248
403,249
403,250
403,251
403,252
403,253
403,254
403,255
403,256
403,257
403,258
403,259
403,260
403,261
403,262
403,263
403,264
403,265
403,266
403,267
403,268
403,269
403,270
403,271
403,272
403,273
403,274
403,275
403,276
403,277
403,278
403,279
403,280
403,281
403,282
403,283
403,284
403,285
403,286
403,287
403,288
403,289
403,290
403,291
403,292
403,293
403,294
403,295
403,296
403,297
403,298
403,299
403,300
403,301
403,302
403,303
403,304
403,305
403,306
403,307
403,308
403,309
403,310
403,311
403,312
403,313
403,314
403,315
403,316
403,317
403,318
403,319
403,320
403,321
403,322
403,323
403,324
403,325
403,326
403,327
403,328
403,329
403,330
403,331
403,332
403,333
403,334
403,335
403,336
403,337
403,338
403,339
403,340
403,341
403,342
403,343
402,344
401,344
400,344
399,344
398,344
397,344
396,344
395,344
394,344
393,344
392,344
391,344
390,344
389,344
388,344
387,344
386,344
385,344
384,344
383,344
382,344
381,344
380,344
379,344
378,344
377,344
376,344
375,344
374,344
373,344
372,344
371,344
370,344
369,344
368,344
367,344
366,344
365,344
364,344
363,344
362,344
361,344
360,344
359,344
358,344
357,344
356,344
355,344
354,344
353,344
352,344
351,344
350,344
349,344
348,344
347,344
346,344
345,344
344,344
343,344
342,344
341,344
340,344
339,344
338,344
337,344
336,344
335,344
334,344
333,344
332,344
331,344
330,344
329,344
328,344
327,344
326,344
325,344
324,344
323,344
322,344
321,344
320,344
319,344
318,344
317,344
316,344
315,344
314,344
313,344
312,344
311,344
310,344
309,344
308,344
307,344
306,344
305,344
304,344
303,344
302,344
301,344
300,344
299,344
298,344
297,344
296,344
295,344
294,344
293,344
292,344
291,344
290,344
289,344
288,344
287,344
286,344
285,344
284,344
283,344
282,344
281,344
280,344
279,344
278,344
277,344
276,344
275,344
274,344
273,344
272,344
271,344
270,344
269,344
268,344
267,344
266,344
265,344
264,344
263,344
262,344
261,344
260,344
259,344
258,344
257,344
256,344
255,344
254,344
253,344
252,344
251,344
250,344
249,344
248,344
247,344
246,344
245,344
244,344
243,344
242,344
241,344
240,344
239,344
238,344
237,344
236,344
235,344
234,344
233,344
232,344
231,344
230,344
229,344
228,344
227,344
226,344
225,345
224,345
223,345
222,345
221,345
220,345
219,345
218,345
217,345
216,345
215,345
214,345
213,345
212,345
211,345
210,345
209,345
208,345
207,345
206,345
205,345
204,346
203,346
202,346
201,346
200,346
199,346
198,346
197,346
196,346
195,346
194,346
193,346
192,346
191,346
190,346
189,346
188,346
187,346
186,347
185,348
184,348
183,348
182,348
181,348
180,348
179,348
178,348
177,348
176,348
175,348
174,348
173,348
172,349
171,349
170,349
169,349
168,349
167,349
166,349
165,349
164,349
163,349
162,349
161,349
160,350
159,350
158,350
157,350
156,350
155,350
154,350
153,350
152,350
151,350
150,350
149,350
148,351
147,351
146,351
145,351
144,351
143,351
143,352
142,353
141,353
140,353
139,353
138,353
137,353
136,353
135,353
134,354
133,354
132,354
131,354
130,354
129,354
128,355
127,355
126,355
125,355
124,355
123,356
122,356
121,356
120,356
119,356
118,356
118,357
117,358
116,358
115,358
114,359
113,359
112,359
111,359
110,359
109,360
108,360
107,361
106,361
105,361
105,362
104,363
103,363
102,363
101,363
100,363
99,364
98,364
97,365
96,365
95,365
94,366
94,367
93,368
92,368
91,368
90,369
89,369
88,370
87,371
86,371
85,371
85,372
84,373
83,374
82,375
81,375
80,376
80,377
79,378
78,379
77,380
76,380
75,381
75,382
74,383
73,384
73,385
72,386
71,387
70,388
70,389
69,390
69,391
69,392
68,393
67,394
66,394
66,395
65,396
65,397
65,398
64,399
64,400
64,401
64,402
64,403
63,404
63,405
62,406
61,407
61,408
61,409
61,410
60,411
60,412
60,413
60,414
59,415
59,416
59,417
59,418
59,419
58,420
58,421
58,422
58,423
58,424
58,425
57,426
56,427
56,428
56,429
56,430
56,431
56,432
56,433
55,434
55,435
55,436
55,437
55,438
55,439
54,440
54,441
54,442
54,443
54,444
54,445
54,446
54,447
54,448
54,449
54,450
53,451
53,452
53,453
53,454
53,455
53,456
53,457
53,458
53,459
53,460
53,461
53,462
53,463
52,464
51,464
51,465
51,466
51,467
51,468
51,469
51,470
51,471
51,472
51,473
51,474
51,475
51,476
51,477
51,478
51,479
51,480
51,481
51,482
51,483
51,484
50,485
50,486
50,487
50,488
50,489
50,490
50,491
50,492
50,493
50,494
50,495
50,496
50,497
50,498
50,499
50,500
50,501
50,502
50,503
50,504
50,505
50,506
50,507
50,508
50,509
50,510
50,511
50,512
50,513
50,514
50,515
49,516
49,517
49,518
49,519
49,520
49,521
49,522
49,523
49,524
49,525
49,526
49,527
49,528
49,529
49,530
49,531
49,532
49,533
49,534
49,535
49,536
49,537
49,538
49,539
49,540
49,541
49,542
49,543
49,544
49,545
49,546
49,547
49,548
49,549
49,550
49,551
49,552
49,553
49,554
49,555
49,556
49,557
49,558
49,559
49,560
49,561
49,562
49,563
49,564
49,565
49,566
49,567
49,568
49,569
49,570
49,571
49,572
49,573
49,574
49,575
49,576
49,577
49,578
49,579
49,580
49,581
50,582
50,583
50,584
50,585
50,586
50,587
50,588
50,589
50,590
50,591
50,592
50,593
50,594
50,595
50,596
50,597
50,598
50,599
50,600
50,601
50,602
50,603
50,604
50,605
50,606
50,607
50,608
50,609
50,610
50,611
50,612
50,613
50,614
50,615
50,616
50,617
50,618
50,619
50,620
50,621
50,622
50,623
50,624
50,625
50,626
50,627
50,628
50,629
50,630
50,631
50,632
50,633
50,634
50,635
50,636
50,637
50,638
50,639
50,640
50,641
50,642
50,643
50,644
50,645
50,646
50,647
50,648
50,649
50,650
50,651
50,652
50,653
50,654
50,655
50,656
50,657
50,658
50,659
50,660
50,661
50,662
50,663
50,664
50,665
50,666
50,667
50,668
50,669
50,670
50,671
50,672
50,673
50,674
50,675
50,676
50,677
50,678
50,679
50,680
50,681
50,682
50,683
50,684
50,685
50,686
50,687
51,688
52,687
52,686
52,685
52,684
52,683
52,682
52,681
52,680
52,679
52,678
52,677
52,676
52,675
52,674
52,673
52,672
52,671
52,670
52,669
52,668
52,667
52,666
52,665
52,664
52,663
52,662
52,661
52,660
52,659
52,658
52,657
52,656
52,655
52,654
52,653
52,652
52,651
52,650
52,649
52,648
52,647
52,646
52,645
52,644
52,643
52,642
52,641
52,640
52,639
52,638
52,637
52,636
52,635
52,634
52,633
52,632
52,631
52,630
52,629
52,628
52,627
52,626
52,625
52,624
52,623
52,622
52,621
52,620
52,619
52,618
52,617
52,616
52,615
52,614
52,613
52,612
52,611
52,610
52,609
52,608
52,607
52,606
52,605
52,604
52,603
52,602
52,601
52,600
52,599
52,598
52,597
52,596
52,595
52,594
52,593
52,592
52,591
52,590
52,589
52,588
52,587
52,586
52,585
52,584
52,583
52,582
51,581
50,580
50,579
50,578
50,577
50,576
50,575
50,574
50,573
50,572
50,571
50,570
50,569
50,568
50,567
50,566
50,565
50,564
50,563
50,562
50,561
50,560
50,559
50,558
50,557
50,556
50,555
50,554
50,553
50,552
50,551
50,550
50,549
50,548
50,547
50,546
50,545
50,544
50,543
50,542
50,541
50,540
50,539
50,538
50,537
50,536
50,535
50,534
50,533
50,532
50,531
50,530
50,529
50,528
50,527
50,526
50,525
50,524
50,523
50,522
50,521
50,520
50,519
50,518
50,517
51,516
52,515
52,514
52,513
52,512
52,511
52,510
52,509
52,508
52,507
52,506
52,505
52,504
52,503
52,502
52,501
52,500
52,499
52,498
52,497
52,496
52,495
52,494
52,493
52,492
52,491
52,490
52,489
52,488
52,487
52,486
53,485
53,484
53,483
53,482
53,481
53,480
53,479
53,478
53,477
53,476
53,475
53,474
53,473
53,472
53,471
53,470
53,469
53,468
53,467
53,466
53,465
54,464
54,463
54,462
54,461
54,460
54,459
54,458
54,457
54,456
54,455
54,454
54,453
54,452
55,451
55,450
55,449
55,448
55,447
55,446
55,445
55,444
55,443
55,442
55,441
56,440
57,439
57,438
57,437
57,436
57,435
58,434
58,433
58,432
58,431
58,430
58,429
58,428
58,427
59,426
59,425
59,424
59,423
59,422
59,421
60,420
60,419
60,418
60,417
60,416
61,415
62,414
62,413
62,412
63,411
63,410
63,409
63,408
63,407
64,406
64,405
65,404
65,403
65,402
65,401
65,400
66,399
67,398
67,397
68,396
68,395
69,394
70,393
70,392
70,391
71,390
72,389
72,388
73,387
74,386
74,385
75,384
76,383
77,382
78,381
79,380
80,379
81,378
82,377
83,376
84,375
85,374
86,373
87,373
88,372
89,371
90,370
91,370
92,369
93,369
94,369
95,368
95,367
96,366
97,366
98,366
99,365
100,365
101,364
102,364
103,364
104,364
105,364
106,363
107,363
108,362
109,361
110,361
111,360
112,360
113,360
114,360
115,360
116,359
117,359
118,359
119,358
120,358
121,358
122,358
123,358
124,358
124,357
125,356
126,356
127,356
128,356
129,356
130,355
131,355
132,355
133,355
134,355
135,355
136,354
137,354
138,354
139,354
140,354
141,354
142,354
143,354
144,353
145,353
146,353
147,353
148,353
149,353
149,352
150,351
151,351
152,351
153,351
154,351
155,351
156,351
157,351
158,351
159,351
160,351
161,351
162,350
163,350
164,350
165,350
166,350
167,350
168,350
169,350
170,350
171,350
172,350
173,350
174,349
175,349
176,349
177,349
178,349
179,349
180,349
181,349
182,349
183,349
184,349
185,349
186,349
187,348
188,348
189,348
190,348
191,348
192,348
193,348
194,348
195,348
196,348
197,348
198,348
199,348
200,348
201,348
202,348
203,348
204,348
205,348
205,347
206,346
207,346
208,346
209,346
210,346
211,346
212,346
213,346
214,346
215,346
216,346
217,346
218,346
219,346
220,346
221,346
222,346
223,346
224,346
225,346
226,346
227,345
228,345
229,345
230,345
231,345
232,345
233,345
234,345
235,345
236,345
237,345
238,345
239,345
240,345
241,345
242,345
243,345
244,345
245,345
246,345
247,345
248,345
249,345
250,345
251,345
252,345
253,345
254,345
255,345
256,345
257,345
258,345
259,345
260,345
261,345
262,345
263,345
264,345
265,345
266,345
267,345
268,345
269,345
270,345
271,345
272,345
273,345
274,345
275,345
276,345
277,345
278,345
279,345
280,345
281,345
282,345
283,345
284,345
285,345
286,345
287,345
288,345
289,345
290,345
291,345
292,345
293,345
294,345
295,345
296,345
297,345
298,345
299,345
300,345
301,345
302,345
303,345
304,345
305,345
306,345
307,345
308,345
309,345
310,345
311,345
312,345
313,345
314,345
315,345
316,345
317,345
318,345
319,345
320,345
321,345
322,345
323,345
324,345
325,345
326,345
327,345
328,345
329,345
330,345
331,345
332,345
333,345
334,345
335,345
336,345
337,345
338,345
339,345
340,345
341,345
342,345
343,345
344,345
345,345
346,345
347,345
348,345
349,345
350,345
351,345
352,345
353,345
354,345
355,345
356,345
357,345
358,345
359,345
360,345
361,345
362,345
363,345
364,345
365,345
366,345
367,345
368,345
369,345
370,345
371,345
372,345
373,345
374,345
375,345
376,345
377,345
378,345
379,345
380,345
381,345
382,345
383,345
384,345
385,345
386,345
387,345
388,345
389,345
390,345
391,345
392,345
393,345
394,345
395,345
396,345
397,345
398,345
399,345
400,345
401,345
402,345
403,345
404,345
404,344
404,343
404,342
404,341
404,340
404,339
404,338
404,337
404,336
404,335
404,334
404,333
404,332
404,331
404,330
404,329
404,328
404,327
404,326
404,325
404,324
404,323
404,322
404,321
404,320
404,319
404,318
404,317
404,316
404,315
404,314
404,313
404,312
404,311
404,310
404,309
404,308
404,307
404,306
404,305
404,304
404,303
404,302
404,301
404,300
404,299
404,298
404,297
404,296
404,295
404,294
404,293
404,292
404,291
404,290
404,289
404,288
404,287
404,286
404,285
404,284
404,283
404,282
404,281
404,280
404,279
404,278
404,277
404,276
404,275
404,274
404,273
404,272
404,271
404,270
404,269
404,268
404,267
404,266
404,265
404,264
404,263
404,262
404,261
404,260
404,259
404,258
404,257
404,256
404,255
404,254
404,253
404,252
404,251
404,250
404,249
404,248
404,247
404,246
404,245
404,244
404,243
404,242
404,241
404,240
404,239
404,238
404,237
404,236
404,235
404,234
404,233
404,232
404,231
404,230
404,229
404,228
404,227
404,226
404,225
404,224
404,223
404,222
404,221
404,220
404,219
404,218
404,217
404,216
404,215
404,214
404,213
404,212
404,211
404,210
404,209
404,208
404,207
404,206
404,205
404,204
403,203
402,203
401,203
400,202
400,201
399,200
398,200
397,200
396,199
395,198
394,197
394,196
393,196
392,196
391,195
390,194
389,193
388,193
387,193
386,192
386,191
385,191
384,190
383,189
382,189
381,189
380,188
379,187
379,186
378,185
377,185
376,185
375,184
374,184
373,183
372,183
371,182
371,181
370,181
369,180
368,180
367,180
366,179
365,178
364,178
363,177
362,176
361,175
360,175
359,174
358,174
357,174
356,173
355,172
355,171
354,171
353,170
352,170
351,169
350,169
349,168
348,168
347,168
346,167
346,166
345,166
344,165
343,165
342,165
341,164
340,164
339,163
338,163
337,163
336,162
336,161
335,161
334,160
333,160
332,160
331,159
330,159
329,159
328,158
327,158
326,158
325,157
325,156
324,156
323,155
322,155
321,155
320,155
319,154
318,154
317,154
316,153
315,153
314,152
314,151
313,151
312,151
311,150
310,150
309,150
308,149
307,149
306,149
305,149
304,149
303,149
302,149
301,149
300,148
299,148
298,148
297,148
296,147
296,146
295,146
294,146
293,146
292,146
291,146
290,146
289,145
288,145
287,145
286,145
285,145
284,145
283,145
282,145
281,145
280,145
279,145
278,145
277,145
276,145
275,145
274,145
273,145
272,145
271,145
270,145
269,145
268,145
267,145
266,145
265,145
264,146
263,146
262,146
261,146
260,146
260,147
259,148
258,148
257,148
256,148
255,148
254,149
253,149
252,150
251,150
250,150
249,150
248,150
247,151
246,151
245,151
245,152
244,153
243,154
242,154
241,154
240,155
239,155
238,156
238,157
238,158
237,159
236,159
235,159
234,160
233,161
232,161
231,162
230,163
229,164
228,165
227,166
226,167
225,168
224,168
223,169
223,170
222,171
221,172
220,173
219,174
218,175
217,176
216,177
215,178
214,179
213,180
212,181
211,182
210,183
209,184
208,185
207,186
206,187
205,188
204,189
203,190
202,191
201,192
200,193
199,193
198,194
198,195
197,196
196,196
195,196
195,197
194,198
193,199
192,200
191,200
190,201
189,201
189,202
188,203
187,204
186,204
185,204
184,205
183,205
182,206
181,206
180,206
180,207
179,208
178,209
177,209
176,209
175,210
174,210
173,211
172,211
171,212
170,213
169,213
168,214
167,214
166,214
165,215
164,215
163,215
162,215
161,215
160,215
159,216
158,216
157,216
156,216
155,216
155,217
154,218
153,218
152,218
151,218
150,218
149,218
148,218
147,218
146,218
145,218
144,218
143,218
142,218
141,218
140,218
139,218
138,218
137,218
136,218
135,218
134,218
133,218
132,218
131,218
130,218
129,218
128,218
127,218
126,218
125,217
125,216
124,216
123,216
122,216
121,215
120,215
119,215
118,215
117,215
116,215
115,215
114,215
113,214
112,214
111,214
110,214
109,213
108,213
107,213
106,213
105,213
104,212
104,211
103,211
102,211
101,211
100,211
99,210
98,209
98,208
98,207
98,206
98,205
98,204
98,203
98,202
98,201
98,200
98,199
98,198
98,197
98,196
98,195
98,194
98,193
98,192
98,191
98,190
98,189
98,188
98,187
98,186
98,185
98,184
98,183
98,182
98,181
98,180
98,179
98,178
98,177
98,176
98,175
98,174
98,173
98,172
98,171
98,170
98,169
98,168
98,167
98,166
98,165
98,164
98,163
98,162
98,161
98,160
98,159
98,158
98,157
98,156
98,155
98,154
98,153
98,152
98,151
98,150
98,149
98,148
98,147
98,146
98,145
98,144
98,143
98,142
98,141
98,140
98,139
98,138
98,137
98,136
98,135
98,134
98,133
98,132
98,131
98,130
98,129
98,128
98,127
98,126
98,125
98,124
98,123
98,122
98,121
98,120
98,119
98,118
98,117
98,116
98,115
98,114
98,113
98,112
98,111
98,110
98,109
98,108
98,107
98,106
98,105
98,104
98,103
98,102
98,101
98,100
98,99
98,98
98,97
98,96
98,95
98,94
98,93
98,92
98,91
98,90
98,89
98,88
98,87
98,86
98,85
98,84
98,83
98,82
98,81
98,80
98,79
98,78
98,77
98,76
98,75
98,74
98,73
98,72
98,71
98,70
98,69
98,68
98,67
98,66
98,65
98,64
98,63
98,62
98,61
98,60
99,59
100,59
101,59
102,59
103,59
104,59
105,59
106,59
107,59
108,59
109,59
110,59
111,59
112,59
113,59
114,59
115,59
116,59
117,59
118,59
119,59
120,59
121,59
122,59
123,59
124,59
125,59
126,59
127,59
128,59
129,59
130,59
131,59
132,59
133,59
134,59
135,59
136,59
137,59
138,59
139,59
140,59
141,59
142,59
143,59
144,59
145,59
146,59
147,59
148,59
149,59
150,59
151,59
152,59
153,59
154,59
155,59
156,59
157,59
158,59
159,59
160,59
161,59
162,59
163,59
164,59
165,59
166,59
167,59
168,59
169,59
170,59
171,59
172,59
173,59
174,59
175,59
176,59
177,59
178,59
179,59
180,59
181,59
182,59
183,59
184,59
185,59
186,59
187,59
188,59
189,59
190,59
191,59
192,59
193,59
194,59
195,59
196,59
197,59
198,59
199,59
200,59
201,59
202,59
203,59
204,59
205,59
206,59
207,59
208,59
209,59
210,59
211,59
212,59
213,59
214,59
215,59
216,59
217,59
218,59
219,59
220,59
221,59
222,59
223,59
224,59
225,59
226,59
227,59
228,59
229,59
230,59
231,59
232,59
233,59
234,59
235,59
236,59
237,59
238,59
239,59
240,59
241,59
242,59
243,59
244,59
245,59
246,59
247,59
248,59
249,59
250,59
251,59
252,59
253,59
254,59
255,59
256,59
257,59
258,59
259,59
260,59
261,59
262,59
263,59
264,59
265,59
266,59
267,59
268,59
269,59
270,59
271,59
272,59
273,59
274,59
275,59
276,59
277,59
278,59
279,59
280,59
281,59
282,59
283,59
284,59
285,59
286,59
287,59
288,59
289,59
290,59
291,59
292,59
293,59
294,59
295,59
296,59
297,59
298,59
299,59
300,59
301,59
302,59
303,59
304,59
305,59
306,59
307,59
308,59
309,59
310,59
311,59
312,59
313,59
314,59
315,59
316,59
317,59
318,59
319,59
320,59
321,59
322,59
323,59
324,59
325,59
326,59
327,59
328,59
329,59
330,59
331,59
332,59
333,59
334,59
335,59
336,59
337,59
338,59
339,59
340,59
341,59
342,59
343,59
344,59
345,59
346,59
347,59
348,59
349,59
350,59
351,59
352,59
353,59
354,59
355,59
356,59
357,59
358,59
359,59
360,59
361,59
362,59
363,59
364,59
365,59
366,59
367,59
368,59
369,59
370,59
371,59
372,59
373,59
374,59
375,59
376,59
377,59
378,59
379,59
380,59
381,59
382,59
383,59
384,59
385,59
386,59
387,59
388,59
389,59
390,59
391,59
392,59
393,59
394,59
395,59
396,59
397,59
398,59
399,59
400,59
401,59
402,59
403,59
404,59
405,59
406,59
407,59
408,59
409,59
410,59
411,59
412,59
413,59
414,59
415,59
416,59
417,59
418,59
419,59
420,59
421,59
422,59
423,59
424,59
425,59
426,59
427,59
428,59
429,59
430,59
431,59
432,59
433,59
434,59
435,59
436,59
437,59
438,59
439,59
440,59
441,59
442,59
443,59
444,59
445,59
446,59
447,59
448,59
449,59
450,59
451,59
452,59
453,59
454,59
455,59
456,59
457,59
458,59
459,59
460,59
461,59
462,59
463,59
464,59
465,59
466,59
467,59
468,59
469,59
470,59
471,59
472,59
473,59
474,59
475,59
476,59
477,59
478,59
479,59
480,59
481,59
482,59
483,59
484,59
485,59
486,59
487,59
488,60
489,61
489,62
489,63
490,64
491,65
492,65
493,66
494,67
494,68
495,69
495,70
496,71
497,71
498,72
498,73
499,74
500,75
501,76
501,77
502,78
503,79
504,80
505,81
506,82
507,83
508,84
508,85
509,86
510,87
510,88
511,89
512,89
513,90
513,91
514,92
514,93
515,94
516,95
517,95
518,96
519,97
519,98
519,99
520,100
521,101
522,101
523,102
523,103
524,104
525,105
525,106
526,107
527,108
528,109
529,110
530,111
531,112
531,113
531,114
532,114
533,115
534,116
535,117
535,118
536,119
536,120
537,120
538,121
539,122
539,123
540,124
541,125
542,125
543,126
543,127
543,128
544,129
545,130
546,131
547,131
548,132
548,133
549,134
549,135
550,136
551,137
552,138
553,139
554,140
555,141
555,142
555,143
556,144
557,144
558,145
559,146
560,147
560,148
560,149
561,150
562,150
563,151
564,152
564,153
565,154
566,155
566,156
567,156
568,157
568,158
569,159
570,160
571,161
572,161
573,162
573,163
573,164
574,165
575,166
576,167
577,168
578,169
578,170
579,171
580,172
580,173
581,174
582,174
583,175
584,176
584,177
584,178
585,179
586,180
587,180
588,181
589,182
589,183
590,184
590,185
591,186
592,186
593,187
593,188
594,189
595,190
596,191
596,192
597,193
598,194
599,195
600,196
601,197
601,198
601,199
602,199
603,200
604,201
605,202
605,203
606,204
607,204
608,205
608,206
609,207
609,208
610,209
611,210
612,210
613,211
614,212
614,213
614,214
615,215
616,216
617,216
618,217
618,218
619,219
620,220
620,221
621,222
622,223
623,224
624,225
625,226
625,227
625,228
626,229
627,229
628,230
629,231
630,232
630,233
631,234
631,235
632,235
633,236
634,237
634,238
635,239
636,240
637,240
638,241
638,242
638,243
639,244
640,245
641,246
642,246
643,247
643,248
644,249
644,250
645,251
646,252
647,253
648,252
647,251
646,250
647,249
648,249
649,249
650,249
651,249
652,249
653,249
654,249
655,249
656,249
657,249
658,249
659,249
660,249
661,249
662,249
663,249
664,249
665,249
666,249
667,249
668,249
669,249
670,249
671,249
672,249
673,249
674,249
675,249
676,249
677,249
678,249
679,249
680,249
681,249
682,249
683,249
684,249
685,249
686,249
687,249
688,249
689,249
690,249
691,249
692,249
693,249
694,249
695,249
696,249
697,249
698,249
699,249
700,249
701,249
702,249
703,249
704,249
705,249
706,249
707,249
708,249
709,249
710,249
711,249
712,249
713,249
714,249
715,249
716,249
717,249
718,249
719,249
720,249
721,249
722,249
723,249
724,249
725,249
726,249
727,249
728,249
729,249
730,249
731,249
732,249
733,249
734,249
735,249
736,249
737,249
738,249
739,249
740,249
741,249
742,249
743,249
744,249
745,249
746,249
747,249
748,249
749,249
750,249
751,249
752,249
753,249
754,249
755,249
756,249
757,249
758,249
759,249
760,249
761,249
762,249
763,249
764,249
765,249
766,249
767,249
768,249
769,249
770,249
771,249
772,249
773,249
774,249
775,249
776,249
777,249
778,249
779,249
780,249
781,249
782,249
783,249
784,249
785,249
786,249
787,249
788,249
789,249
790,249
791,249
792,249
793,249
794,249
795,249
796,249
797,249
798,249
799,249
800,249
801,249
802,249
803,249
804,249
805,249
806,249
807,249
808,249
809,249
810,249
811,249
812,249
813,249
814,249
815,249
816,249
817,249
818,249
819,249
820,249
821,249
822,249
823,249
824,249
825,249
826,249
827,249
828,249
829,249
830,249
831,249
832,249
833,249
834,249
835,249
836,249
837,249
838,249
839,249
840,249
841,249
842,249
843,249
844,249
845,249
846,249
847,249
848,249
849,249
850,249
851,249
852,249
853,249
854,249
855,249
856,249
857,249
858,249
859,249
860,249
861,249
862,249
863,249
864,249
865,249
866,249
867,249
868,249
869,249
870,249
871,249
872,249
873,249
874,249
875,249
876,249
877,249
878,249
879,249
880,249
881,249
882,249
883,249
884,249
885,249
886,249
887,249
888,249
889,249
890,249
891,249
892,249
893,249
894,249
895,249
896,249
897,249
898,249
899,249
900,249
901,249
902,249
903,249
904,249
905,249
906,249
907,249
908,249
909,249
910,249
911,249
912,249
913,249
914,249
915,249
916,249
917,249
918,249
919,249
920,249
921,249
922,249
923,249
924,249
925,249
926,249
927,249
928,249
929,249
930,249
931,249
932,249
933,249
934,249
935,249
936,249
937,249
938,249
939,249
940,249
941,249
942,249
943,249
944,249
945,249
946,249
947,249
948,249
949,249
950,249
951,249
952,249
953,249
954,249
955,249
956,249
957,249
958,249
959,249
960,249
961,249
962,249
963,249
964,249
965,249
966,249
967,249
968,249
969,249
970,249
971,249
972,249
973,249
974,249
975,249
976,249
977,249
978,249
979,249
980,249
981,249
982,249
983,249
984,249
985,249
986,249
987,249
988,249
989,249
990,249
991,249
992,249
993,249
994,249
995,249
996,249
997,249
998,249
999,249
1000,249
1001,249
1002,249
1003,249
1004,249
1005,249
1006,249
1007,249
1008,249
1009,249
1010,249
1011,249
1012,249
1013,249
1014,249
1015,249
1016,249
1017,249
1018,249
1019,249
1020,249
1021,249
1022,249
1023,249
1024,249
1025,249
1026,249
1027,249
1028,249
1029,249
1030,249
1031,249
1032,249
1033,249
1034,249
1035,249
1036,249
1037,249
1038,249
1039,249
1040,249
1041,249
1042,249
1043,249
1044,249
1044,248
1043,247
1043,246
1043,245
1043,244
1043,243
1043,242
1043,241
1043,240
1043,239
1043,238
1043,237
1043,236
1043,235
1043,234
1043,233
1043,232
1043,231
1043,230
1043,229
1043,228
1043,227
1043,226
1043,225
1043,224
1043,223
1043,222
1043,221
1043,220
1043,219
1043,218
1043,217
1043,216
1043,215
1043,214
1043,213
1043,212
1043,211
1043,210
1043,209
1043,208
1043,207
1043,206
1043,205
1043,204
1043,203
1043,202
1043,201
1043,200
1043,199
1043,198
1043,197
1043,196
1043,195
1043,194
1043,193
1043,192
1043,191
1043,190
1043,189
1043,188
1043,187
1043,186
1043,185
1043,184
1043,183
1043,182
1043,181
1043,180
1043,179
1043,178
1043,177
1043,176
1043,175
1043,174
1043,173
1043,172
1043,171
1043,170
1043,169
1043,168
1043,167
1043,166
1043,165
1043,164
1043,163
1043,162
1043,161
1043,160
1043,159
1043,158
1043,157
1043,156
1043,155
1043,154
1043,153
1043,152
1043,151
1043,150
1043,149
1043,148
1043,147
1043,146
1043,145
1043,144
1043,143
1043,142
1043,141
1043,140
1043,139
1043,138
1043,137
1042,136
1041,135
1041,134
1041,133
1041,132
1041,131
1041,130
1041,129
1041,128
1041,127
1041,126
1041,125
1041,124
1041,123
1041,122
1041,121
1041,120
1041,119
1041,118
1041,117
1041,116
1041,115
1041,114
1041,113
1041,112
1041,111
1041,110
1041,109
1041,108
1041,107
1041,106
1041,105
1041,104
1041,103
1041,102
1041,101
1041,100
1041,99
1041,98
1041,97
1041,96
1041,95
1041,94
1041,93
1041,92
1041,91
1041,90
1041,89
1041,88
1041,87
1041,86
1041,85
1041,84
1041,83
1041,82
1041,81
1041,80
1041,79
1041,78
1041,77
1041,76
1041,75
1041,74
1041,73
1041,72
1041,71
1041,70
1041,69
1041,68
1041,67
1041,66
1041,65
1041,64
1041,63
1041,62
1041,61
1041,60
1041,59
1041,58
1041,57
1041,56
1041,55
1041,54
1041,53
1041,52
1041,51
1041,50
1041,49
1041,48
1041,47
1041,46
1041,45
1041,44
1041,43
1041,42
1041,41
1041,40
1041,39
1041,38
1041,37
1041,36
1041,35
1041,34
1041,33
1041,32
1041,31
1041,30
1041,29
1042,28
1043,28
1044,28
1045,28
1046,28
1047,28
1048,28
1049,28
1050,28
1051,28
1052,28
1053,28
1054,28
1055,28
1056,28
1057,28
1058,28
1059,28
1060,28
1061,28
1062,28
1063,28
1064,28
1065,28
1066,28
1067,28
1068,28
1069,28
1070,28
1071,28
1072,28
1073,28
1074,28
1075,28
1076,28
1077,28
1078,28
1079,28
1080,28
1081,28
1082,28
1083,28
1084,28
1085,28
1086,28
1087,28
1088,28
1089,28
1090,28
1091,28
1092,28
1093,28
1094,28
1095,28
1096,28
1097,28
1098,28
1099,28
1100,28
1101,28
1102,28
1103,28
1104,28
1105,28
1106,28
1107,28
1108,28
1109,28
1110,28
1111,28
1112,28
1113,28
1114,28
1115,28
1116,28
1117,28
1118,28
1119,28
1120,28
1121,28
1122,28
1123,28
1124,28
1125,28
1126,28
1127,28
1128,28
1129,28
1130,28
1131,28
1132,28
1133,28
1134,28
1135,28
1136,28
1137,28
1138,28
1139,28
1140,28
1141,28
1142,28
1143,28
1144,28
1145,28
1146,28
1147,28
1148,28
1149,28
1150,28
1151,28
1152,28
1153,28
1154,28
1155,28
1156,28
1157,28
1158,28
1159,28
1160,28
1161,28
1162,28
1163,28
1164,28
1165,28
1166,28
1167,28
1168,28
1169,28
1170,28
1171,28
1172,28
1173,28
1174,28
1175,28
1176,28
1177,28
1178,28
1179,28
1180,28
1181,28
1182,28
1183,28
1184,28
1185,28
1186,28
1187,28
1188,28
1189,28
1190,28
1191,28
1192,28
1193,28
1194,28
1195,28
1196,28
1197,28
1198,28
1199,28
1200,28
1201,28
1202,28
1203,28
1204,28
1205,28
1206,28
1207,28
1208,28
1209,28
1210,28
1211,28
1212,28
1213,28
1214,28
1215,28
1216,29
1216,30
1216,31
1216,32
1216,33
1216,34
1216,35
1216,36
1216,37
1216,38
1216,39
1216,40
1216,41
1216,42
1216,43
1216,44
1216,45
1216,46
1216,47
1216,48
1216,49
1216,50
1216,51
1216,52
1216,53
1216,54
1216,55
1216,56
1216,57
1216,58
1216,59
1216,60
1216,61
1216,62
1216,63
1216,64
1216,65
1216,66
1216,67
1216,68
1216,69
1216,70
1216,71
1216,72
1216,73
1216,74
1216,75
1216,76
1216,77
1216,78
1216,79
1216,80
1216,81
1216,82
1216,83
1216,84
1216,85
1216,86
1216,87
1216,88
1216,89
1216,90
1216,91
1216,92
1216,93
1216,94
1216,95
1216,96
1216,97
1216,98
1216,99
1216,100
1216,101
1216,102
1216,103
1216,104
1216,105
1216,106
1216,107
1216,108
1216,109
1216,110
1216,111
1216,112
1216,113
1216,114
1216,115
1216,116
1216,117
1216,118
1216,119
1216,120
1216,121
1216,122
1216,123
1216,124
1216,125
1216,126
1216,127
1216,128
1216,129
1216,130
1216,131
1216,132
1216,133
1216,134
1216,135
1216,136
1216,137
1216,138
1216,139
1216,140
1216,141
1216,142
1216,143
1216,144
1216,145
1216,146
1216,147
1216,148
1216,149
1216,150
1216,151
1216,152
1216,153
1216,154
1216,155
1216,156
1216,157
1216,158
1216,159
1216,160
1216,161
1216,162
1216,163
1216,164
1216,165
1216,166
1216,167
1216,168
1216,169
1216,170
1216,171
1216,172
1216,173
1216,174
1216,175
1216,176
1216,177
1216,178
1216,179
1216,180
1216,181
1216,182
1216,183
1216,184
1216,185
1216,186
1216,187
1216,188
1216,189
1216,190
1216,191
1216,192
1216,193
1216,194
1216,195
1216,196
1216,197
1216,198
1216,199
1216,200
1216,201
1216,202
1216,203
1216,204
1216,205
1216,206
1216,207
1216,208
1216,209
1216,210
1216,211
1216,212
1216,213
1216,214
1216,215
1216,216
1216,217
1216,218
1216,219
1216,220
1216,221
1216,222
1216,223
1216,224
1216,225
1216,226
1216,227
1216,228
1216,229
1216,230
1216,231
1216,232
1216,233
1216,234
1216,235
1216,236
1216,237
1216,238
1216,239
1216,240
1216,241
1216,242
1216,243
1216,244
1216,245
1216,246
1216,247
1216,248
1216,249
1216,250
1216,251
1216,252
1216,253
1216,254
1216,255
1216,256
1216,257
1216,258
1216,259
1216,260
1216,261
1216,262
1216,263
1216,264
1216,265
1216,266
1216,267
1216,268
1216,269
1216,270
1216,271
1216,272
1216,273
1216,274
1216,275
1216,276
1216,277
1216,278
1216,279
1216,280
1216,281
1216,282
1216,283
1216,284
1216,285
1216,286
1216,287
1216,288
1216,289
1216,290
1216,291
1216,292
1216,293
1216,294
1216,295
1216,296
1216,297
1216,298
1216,299
1216,300
1216,301
1216,302
1216,303
1216,304
1216,305
1216,306
1216,307
1216,308
1216,309
1216,310
1216,311
1216,312
1216,313
1216,314
1216,315
1216,316
1216,317
1216,318
1216,319
1216,320
1216,321
1216,322
1216,323
1216,324
1216,325
1216,326
1216,327
1216,328
1216,329
1216,330
1216,331
1216,332
1216,333
1216,334
1216,335
1216,336
1216,337
1216,338
1216,339
1216,340
1216,341
1216,342
1216,343
1216,344
1216,345
1216,346
1216,347
1216,348
1216,349
1216,350
1216,351
1216,352
1216,353
1216,354
1216,355
1216,356
1216,357
1216,358
1216,359
1216,360
1216,361
1216,362
1216,363
1216,364
1216,365
1216,366
1216,367
1216,368
1216,369
1216,370
1216,371
1216,372
1216,373
1216,374
1216,375
1216,376
1216,377
1216,378
1216,379
1216,380
1216,381
1216,382
1216,383
1216,384
1216,385
1216,386
1216,387
1216,388
1216,389
1216,390
1216,391
1216,392
1216,393
1216,394
1216,395
1216,396
1216,397
1216,398
1216,399
1216,400
1216,401
1216,402
1216,403
1216,404
1216,405
1216,406
1216,407
1216,408
1216,409
1216,410
1216,411
1216,412
1216,413
1216,414
1216,415
1216,416
1216,417
1216,418
1216,419
1216,420
1216,421
1216,422
1216,423
1216,424
1216,425
1216,426
1216,427
1216,428
1216,429
1216,430
1216,431
1216,432
1216,433
1216,434
1216,435
1216,436
1216,437
1216,438
1216,439
1216,440
1216,441
1216,442
1216,443
1216,444
1216,445
1216,446
1216,447
1216,448
1216,449
1216,450
1216,451
1216,452
1216,453
1216,454
1216,455
1216,456
1216,457
1216,458
1216,459
1216,460
1216,461
1216,462
1216,463
1216,464
1216,465
1216,466
1216,467
1216,468
1216,469
1216,470
1216,471
1216,472
1216,473
1216,474
1216,475
1216,476
1216,477
1216,478
1216,479
1216,480
1216,481
1216,482
1216,483
1216,484
1216,485
1216,486
1216,487
1216,488
1216,489
1216,490
1216,491
1216,492
1216,493
1216,494
1216,495
1216,496
1216,497
1216,498
1216,499
1216,500
1216,501
1216,502
1216,503
1216,504
1216,505
1216,506
1216,507
1216,508
1216,509
1216,510
1216,511
1216,512
1216,513
1216,514
1216,515
1216,516
1216,517
1216,518
1216,519
1216,520
1216,521
1216,522
1216,523
1216,524
1216,525
1216,526
1216,527
1216,528
1216,529
1216,530
1216,531
1216,532
1216,533
1216,534
1216,535
1215,536
1214,536
1213,536
1212,536
1211,536
1210,536
1209,536
1208,536
1207,536
1206,536
1205,536
1204,536
1203,536
1202,536
1201,536
1200,536
1199,536
1198,536
1197,536
1196,536
1195,536
1194,536
1193,536
1192,536
1191,536
1190,536
1189,536
1188,536
1187,536
1186,536
1185,536
1184,536
1183,536
1182,536
1181,536
1180,536
1179,536
1178,536
1177,536
1176,536
1175,536
1174,536
1173,536
1172,536
1171,536
1170,536
1169,536
1168,536
1167,536
1166,536
1165,536
1164,536
1163,536
1162,536
1161,536
1160,536
1159,536
1158,536
1157,536
1156,536
1155,536
1154,536
1153,536
1152,536
1151,536
1150,536
1149,536
1148,536
1147,536
1146,536
1145,536
1144,536
1143,536
1142,536
1141,536
1140,536
1139,536
1138,536
1137,536
1136,536
1135,536
1134,536
1133,536
1132,536
1131,536
1130,536
1129,536
1128,536
1127,536
1126,536
1125,536
1124,536
1123,536
1122,536
1121,536
1120,536
1119,536
1118,536
1117,536
1116,536
1115,536
1114,536
1113,536
1112,536
1111,536
1110,536
1109,536
1108,536
1107,536
1106,536
1105,536
1104,536
1103,536
1102,536
1101,536
1100,536
1099,536
1098,536
1097,536
1096,536
1095,536
1094,536
1093,536
1092,536
1091,536
1090,536
1089,536
1088,536
1087,536
1086,536
1085,536
1084,536
1083,536
1082,536
1081,536
1080,536
1079,536
1078,536
1077,536
1076,536
1075,536
1074,536
1073,536
1072,536
1071,536
1070,536
1069,536
1068,536
1067,536
1066,536
1065,535
1064,535
1063,535
1062,535
1061,535
1060,535
1059,535
1058,535
1057,535
1056,535
1055,535
1054,535
1053,535
1052,535
1051,535
1050,535
1049,535
1048,535
1047,535
1046,535
1045,535
1044,535
1043,535
1042,535
1041,535
1040,535
1039,535
1038,535
1037,535
1036,535
1035,535
1034,535
1033,535
1032,535
1031,535
1030,535
1029,535
1028,535
1027,535
1026,535
1025,535
1024,535
1023,535
1022,535
1021,535
1020,535
1019,535
1018,535
1017,535
1016,535
1015,535
1014,535
1013,535
1012,535
1011,535
1010,535
1009,535
1008,535
1007,535
1006,535
1005,535
1004,535
1003,535
1002,535
1001,535
1000,535
999,535
998,535
997,535
996,535
995,535
994,535
993,535
992,535
991,535
990,535
989,535
988,535
987,535
986,535
985,535
984,535
983,535
982,535
981,535
980,535
979,535
978,535
977,535
976,535
975,535
974,535
973,535
972,535
971,535
970,535
969,535
968,535
967,535
966,535
965,535
964,535
963,535
962,535
961,535
960,535
959,535
958,535
957,535
956,535
955,535
954,535
953,535
952,535
951,535
950,535
949,535
948,535
947,535
946,535
945,535
944,535
943,535
942,535
941,535
940,535
939,535
938,535
937,535
936,535
935,535
934,535
933,535
932,535
931,535
930,535
929,535
928,535
927,535
926,535
925,535
924,535
923,535
922,535
921,535
920,535
919,535
918,535
917,535
916,535
915,535
914,535
913,535
912,535
911,535
910,535
909,535
908,535
907,535
906,535
905,535
904,535
903,535
902,535
901,535
900,535
899,535
898,535
897,535
896,535
895,535
894,535
893,535
892,535
891,535
890,535
889,535
888,535
887,535
886,535
885,535
884,535
883,535
882,535
881,535
880,535
879,535
878,535
877,535
876,535
875,535
874,535
873,535
872,535
871,535
870,535
869,535
868,535
867,535
866,535
865,535
864,535
863,535
862,535
861,535
860,535
859,535
858,535
857,535
856,535
855,535
854,535
853,535
852,535
851,535
850,535
849,535
848,535
847,535
846,535
845,535
844,535
843,535
842,535
841,535
840,535
839,535
838,535
837,535
836,535
835,535
834,535
833,535
832,535
831,535
830,535
829,535
828,535
827,535
826,535
825,535
824,535
823,535
822,535
821,535
820,535
819,535
818,535
817,535
816,535
815,535
814,535
813,535
812,535
811,535
810,535
809,535
808,535
807,535
806,535
805,535
804,535
803,535
802,535
801,535
800,535
799,535
798,535
797,535
796,535
795,535
794,535
793,535
792,535
791,535
790,535
789,535
788,535
787,535
786,535
785,535
784,535
783,535
782,535
781,535
780,535
779,535
778,535
777,535
776,535
775,535
774,535
773,535
772,535
771,535
770,535
769,535
768,535
767,535
766,535
765,535
764,535
763,535
762,535
761,534
760,534
759,534
758,534
757,534
756,534
755,534
754,534
753,534
752,534
751,534
750,534
749,534
748,534
747,534
746,534
745,534
744,534
743,534
742,534
741,534
740,534
739,534
738,534
737,534
736,534
735,534
734,534
733,534
732,534
731,534
730,534
729,534
728,534
727,534
726,534
725,534
724,534
723,534
722,534
721,534
720,534
719,534
718,534
717,534
716,534
715,534
714,534
713,534
712,534
711,534
710,534
709,534
708,534
707,534
706,534
705,534
704,534
703,534
702,534
701,534
700,534
699,534
698,534
697,534
696,534
695,534
694,534
693,534
692,534
691,534
690,534
689,534
688,534
687,534
686,534
685,534
684,534
683,534
682,534
681,534
680,534
679,534
678,534
677,534
676,534
675,534
674,534
673,534
672,534
671,534
670,534
669,534
668,534
667,534
666,534
665,534
664,534
663,534
662,534
661,534
660,534
659,534
658,534
657,534
656,534
655,534
654,534
653,534
652,534
651,534
650,534
649,534
648,534
647,534
646,534
645,534
644,534
643,534
642,534
641,534
640,534
639,534
638,534
637,534
636,534
635,534
634,534
633,534
632,534
631,534
630,534
629,534
628,534
627,534
626,534
625,534
624,534
623,534
622,534
621,534
620,534
619,534
618,534
617,534
616,534
615,534
614,534
613,534
612,534
611,534
610,534
609,534
609,535
610,535
611,535
612,535
613,535
614,535
615,535
616,535
617,535
618,535
619,535
620,535
621,535
622,535
623,535
624,535
625,535
626,535
627,535
628,535
629,535
630,535
631,535
632,535
633,535
634,535
635,535
636,535
637,535
638,535
639,535
640,535
641,535
642,535
643,535
644,535
645,535
646,535
647,535
648,535
649,535
650,535
651,535
652,535
653,535
654,535
655,535
656,535
657,535
658,535
659,535
660,535
661,535
662,535
663,535
664,535
665,535
666,535
667,535
668,535
669,535
670,535
671,535
672,535
673,535
674,535
675,535
676,535
677,535
678,535
679,535
680,535
681,535
682,535
683,535
684,535
685,535
686,535
687,535
688,535
689,535
690,535
691,535
692,535
693,535
694,535
695,535
696,535
697,535
698,535
699,535
700,535
701,535
702,535
703,535
704,535
705,535
706,535
707,535
708,535
709,535
710,535
711,535
712,535
713,535
714,535
715,535
716,535
717,535
718,535
719,535
720,535
721,535
722,535
723,535
724,535
725,535
726,535
727,535
728,535
729,535
730,535
731,535
732,535
733,535
734,535
735,535
736,535
737,535
738,535
739,535
740,535
741,535
742,535
743,535
744,535
745,535
746,535
747,535
748,535
749,535
750,535
751,535
752,535
753,535
754,535
755,535
756,535
757,535
758,535
759,535
760,535
761,536
762,536
763,536
764,536
765,536
766,536
767,536
768,536
769,536
770,536
771,536
772,536
773,536
774,536
775,536
776,536
777,536
778,536
779,536
780,536
781,536
782,536
783,536
784,536
785,536
786,536
787,536
788,536
789,536
790,536
791,536
792,536
793,536
794,536
795,536
796,536
797,536
798,536
799,536
800,536
801,536
802,536
803,536
804,536
805,536
806,536
807,536
808,536
809,536
810,536
811,536
812,536
813,536
814,536
815,536
816,536
817,536
818,536
819,536
820,536
821,536
822,536
823,536
824,536
825,536
826,536
827,536
828,536
829,536
830,536
831,536
832,536
833,536
834,536
835,536
836,536
837,536
838,536
839,536
840,536
841,536
842,536
843,536
844,536
845,536
846,536
847,536
848,536
849,536
850,536
851,536
852,536
853,536
854,536
855,536
856,536
857,536
858,536
859,536
860,536
861,536
862,536
863,536
864,536
865,536
866,536
867,536
868,536
869,536
870,536
871,536
872,536
873,536
874,536
875,536
876,536
877,536
878,536
879,536
880,536
881,536
882,536
883,536
884,536
885,536
886,536
887,536
888,536
889,536
890,536
891,536
892,536
893,536
894,536
895,536
896,536
897,536
898,536
899,536
900,536
901,536
902,536
903,536
904,536
905,536
906,536
907,536
908,536
909,536
910,536
911,536
912,536
913,536
914,536
915,536
916,536
917,536
918,536
919,536
920,536
921,536
922,536
923,536
924,536
925,536
926,536
927,536
928,536
929,536
930,536
931,536
932,536
933,536
934,536
935,536
936,536
937,536
938,536
939,536
940,536
941,536
942,536
943,536
944,536
945,536
946,536
947,536
948,536
949,536
950,536
951,536
952,536
953,536
954,536
955,536
956,536
957,536
958,536
959,536
960,536
961,536
962,536
963,536
964,536
965,536
966,536
967,536
968,536
969,536
970,536
971,536
972,536
973,536
974,536
975,536
976,536
977,536
978,536
979,536
980,536
981,536
982,536
983,536
984,536
985,536
986,536
987,536
988,536
989,536
990,536
991,536
992,536
993,536
994,536
995,536
996,536
997,536
998,536
999,536
1000,536
1001,536
1002,536
1003,536
1004,536
1005,536
1006,536
1007,536
1008,536
1009,536
1010,536
1011,536
1012,536
1013,536
1014,536
1015,536
1016,536
1017,536
1018,536
1019,536
1020,536
1021,536
1022,536
1023,536
1024,536
1025,536
1026,536
1027,536
1028,536
1029,536
1030,536
1031,536
1032,536
1033,536
1034,536
1035,536
1036,536
1037,536
1038,536
1039,536
1040,536
1041,536
1042,536
1043,536
1044,536
1045,536
1046,536
1047,536
1048,536
1049,536
1050,536
1051,536
1052,536
1053,536
1054,536
1055,536
1056,536
1057,536
1058,536
1059,536
1060,536
1061,536
1062,536
1063,536
1064,536
1065,537
1065,538
1066,538
1067,538
1068,538
1069,538
1070,538
1071,538
1072,538
1073,538
1074,538
1075,538
1076,538
1077,538
1078,538
1079,538
1080,538
1081,538
1082,538
1083,538
1084,538
1085,538
1086,538
1087,538
1088,538
1089,538
1090,538
1091,538
1092,538
1093,538
1094,538
1095,538
1096,538
1097,538
1098,538
1099,538
1100,538
1101,538
1102,538
1103,538
1104,538
1105,538
1106,538
1107,538
1108,538
1109,538
1110,538
1111,538
1112,538
1113,538
1114,538
1115,538
1116,538
1117,538
1118,538
1119,538
1120,538
1121,538
1122,538
1123,538
1124,538
1125,538
1126,538
1127,538
1128,538
1129,538
1130,538
1131,538
1132,538
1133,538
1134,538
1135,538
1136,538
1137,538
1138,538
1139,538
1140,538
1141,538
1142,538
1143,538
1144,538
1145,538
1146,538
1147,538
1148,538
1149,538
1150,538
1151,538
1152,538
1153,538
1154,538
1155,538
1156,538
1157,538
1158,538
1159,538
1160,538
1161,538
1162,538
1163,538
1164,538
1165,538
1166,538
1167,538
1168,538
1169,538
1170,538
1171,538
1172,538
1173,538
1174,538
1175,538
1176,538
1177,538
1178,538
1179,538
1180,538
1181,538
1182,538
1183,538
1184,538
1185,538
1186,538
1187,538
1188,538
1189,538
1190,538
1191,538
1192,538
1193,538
1194,538
1195,538
1196,538
1197,538
1198,538
1199,538
1200,538
1201,538
1202,538
1203,538
1204,538
1205,538
1206,538
1207,538
1208,538
1209,538
1210,538
1211,538
1212,538
1213,538
1214,538
1215,538
1216,538
1217,538
1218,537
1218,536
1218,535
1218,534
1218,533
1218,532
1218,531
1218,530
1218,529
1218,528
1218,527
1218,526
1218,525
1218,524
1218,523
1218,522
1218,521
1218,520
1218,519
1218,518
1218,517
1218,516
1218,515
1218,514
1218,513
1218,512
1218,511
1218,510
1218,509
1218,508
1218,507
1218,506
1218,505
1218,504
1218,503
1218,502
1218,501
1218,500
1218,499
1218,498
1218,497
1218,496
1218,495
1218,494
1218,493
1218,492
1218,491
1218,490
1218,489
1218,488
1218,487
1218,486
1218,485
1218,484
1218,483
1218,482
1218,481
1218,480
1218,479
1218,478
1218,477
1218,476
1218,475
1218,474
1218,473
1218,472
1218,471
1218,470
1218,469
1218,468
1218,467
1218,466
1218,465
1218,464
1218,463
1218,462
1218,461
1218,460
1218,459
1218,458
1218,457
1218,456
1218,455
1218,454
1218,453
1218,452
1218,451
1218,450
1218,449
1218,448
1218,447
1218,446
1218,445
1218,444
1218,443
1218,442
1218,441
1218,440
1218,439
1218,438
1218,437
1218,436
1218,435
1218,434
1218,433
1218,432
1218,431
1218,430
1218,429
1218,428
1218,427
1218,426
1218,425
1218,424
1218,423
1218,422
1218,421
1218,420
1218,419
1218,418
1218,417
1218,416
1218,415
1218,414
1218,413
1218,412
1218,411
1218,410
1218,409
1218,408
1218,407
1218,406
1218,405
1218,404
1218,403
1218,402
1218,401
1218,400
1218,399
1218,398
1218,397
1218,396
1218,395
1218,394
1218,393
1218,392
1218,391
1218,390
1218,389
1218,388
1218,387
1218,386
1218,385
1218,384
1218,383
1218,382
1218,381
1218,380
1218,379
1218,378
1218,377
1218,376
1218,375
1218,374
1218,373
1218,372
1218,371
1218,370
1218,369
1218,368
1218,367
1218,366
1218,365
1218,364
1218,363
1218,362
1218,361
1218,360
1218,359
1218,358
1218,357
1218,356
1218,355
1218,354
1218,353
1218,352
1218,351
1218,350
1218,349
1218,348
1218,347
1218,346
1218,345
1218,344
1218,343
1218,342
1218,341
1218,340
1218,339
1218,338
1218,337
1218,336
1218,335
1218,334
1218,333
1218,332
1218,331
1218,330
1218,329
1218,328
1218,327
1218,326
1218,325
1218,324
1218,323
1218,322
1218,321
1218,320
1218,319
1218,318
1218,317
1218,316
1218,315
1218,314
1218,313
1218,312
1218,311
1218,310
1218,309
1218,308
1218,307
1218,306
1218,305
1218,304
1218,303
1218,302
1218,301
1218,300
1218,299
1218,298
1218,297
1218,296
1218,295
1218,294
1218,293
1218,292
1218,291
1218,290
1218,289
1218,288
1218,287
1218,286
1218,285
1218,284
1218,283
1218,282
1218,281
1218,280
1218,279
1218,278
1218,277
1218,276
1218,275
1218,274
1218,273
1218,272
1218,271
1218,270
1218,269
1218,268
1218,267
1218,266
1218,265
1218,264
1218,263
1218,262
1218,261
1218,260
1218,259
1218,258
1218,257
1218,256
1218,255
1218,254
1218,253
1218,252
1218,251
1218,250
1218,249
1218,248
1218,247
1218,246
1218,245
1218,244
1218,243
1218,242
1218,241
1218,240
1218,239
1218,238
1218,237
1218,236
1218,235
1218,234
1218,233
1218,232
1218,231
1218,230
1218,229
1218,228
1218,227
1218,226
1218,225
1218,224
1218,223
1218,222
1218,221
1218,220
1218,219
1218,218
1218,217
1218,216
1218,215
1218,214
1218,213
1218,212
1218,211
1218,210
1218,209
1218,208
1218,207
1218,206
1218,205
1218,204
1218,203
1218,202
1218,201
1218,200
1218,199
1218,198
1218,197
1218,196
1218,195
1218,194
1218,193
1218,192
1218,191
1218,190
1218,189
1218,188
1218,187
1218,186
1218,185
1218,184
1218,183
1218,182
1218,181
1218,180
1218,179
1218,178
1218,177
1218,176
1218,175
1218,174
1218,173
1218,172
1218,171
1218,170
1218,169
1218,168
1218,167
1218,166
1218,165
1218,164
1218,163
1218,162
1218,161
1218,160
1218,159
1218,158
1218,157
1218,156
1218,155
1218,154
1218,153
1218,152
1218,151
1218,150
1218,149
1218,148
1218,147
1218,146
1218,145
1218,144
1218,143
1218,142
1218,141
1218,140
1218,139
1218,138
1218,137
1218,136
1218,135
1218,134
1218,133
1218,132
1218,131
1218,130
1218,129
1218,128
1218,127
1218,126
1218,125
1218,124
1218,123
1218,122
1218,121
1218,120
1218,119
1218,118
1218,117
1218,116
1218,115
1218,114
1218,113
1218,112
1218,111
1218,110
1218,109
1218,108
1218,107
1218,106
1218,105
1218,104
1218,103
1218,102
1218,101
1218,100
1218,99
1218,98
1218,97
1218,96
1218,95
1218,94
1218,93
1218,92
1218,91
1218,90
1218,89
1218,88
1218,87
1218,86
1218,85
1218,84
1218,83
1218,82
1218,81
1218,80
1218,79
1218,78
1218,77
1218,76
1218,75
1218,74
1218,73
1218,72
1218,71
1218,70
1218,69
1218,68
1218,67
1218,66
1218,65
1218,64
1218,63
1218,62
1218,61
1218,60
1218,59
1218,58
1218,57
1218,56
1218,55
1218,54
1218,53
1218,52
1218,51
1218,50
1218,49
1218,48
1218,47
1218,46
1218,45
1218,44
1218,43
1218,42
1218,41
1218,40
1218,39
1218,38
1218,37
1218,36
1218,35
1218,34
1218,33
1218,32
1218,31
1218,30
1218,29
1218,28
1218,27
1217,26
1216,26
1215,26
1214,26
1213,26
1212,26
1211,26
1210,26
1209,26
1208,26
1207,26
1206,26
1205,26
1204,26
1203,26
1202,26
1201,26
1200,26
1199,26
1198,26
1197,26
1196,26
1195,26
1194,26
1193,26
1192,26
1191,26
1190,26
1189,26
1188,26
1187,26
1186,26
1185,26
1184,26
1183,26
1182,26
1181,26
1180,26
1179,26
1178,26
1177,26
1176,26
1175,26
1174,26
1173,26
1172,26
1171,26
1170,26
1169,26
1168,26
1167,26
1166,26
1165,26
1164,26
1163,26
1162,26
1161,26
1160,26
1159,26
1158,26
1157,26
1156,26
1155,26
1154,26
1153,26
1152,26
1151,26
1150,26
1149,26
1148,26
1147,26
1146,26
1145,26
1144,26
1143,26
1142,26
1141,26
1140,26
1139,26
1138,26
1137,26
1136,26
1135,26
1134,26
1133,26
1132,26
1131,26
1130,26
1129,26
1128,26
1127,26
1126,26
1125,26
1124,26
1123,26
1122,26
1121,26
1120,26
1119,26
1118,26
1117,26
1116,26
1115,26
1114,26
1113,26
1112,26
1111,26
1110,26
1109,26
1108,26
1107,26
1106,26
1105,26
1104,26
1103,26
1102,26
1101,26
1100,26
1099,26
1098,26
1097,26
1096,26
1095,26
1094,26
1093,26
1092,26
1091,26
1090,26
1089,26
1088,26
1087,26
1086,26
1085,26
1084,26
1083,26
1082,26
1081,26
1080,26
1079,26
1078,26
1077,26
1076,26
1075,26
1074,26
1073,26
1072,26
1071,26
1070,26
1069,26
1068,26
1067,26
1066,26
1065,26
1064,26
1063,26
1062,26
1061,26
1060,26
1059,26
1058,26
1057,26
1056,26
1055,26
1054,26
1053,26
1052,26
1051,26
1050,26
1049,26
1048,26
1047,26
1046,26
1045,26
1044,26
1043,26
1042,26
1041,26
1040,26
